label,method,round,aggregation_error
spreadA,rblora,1,1.7163998150618045
spreadA,flora,1,0.15228559262825875
spreadA,rblora,2,2.0710332069469124
spreadA,flora,2,0.15009685546521143
spreadA,rblora,3,2.0968404688729794
spreadA,flora,3,0.14693616782309024
spreadA,rblora,4,2.1082184719758543
spreadA,flora,4,0.1449103707147064
spreadA,rblora,5,2.1141488313366352
spreadA,flora,5,0.14365224473899654
spreadA,rblora,6,2.117257857353603
spreadA,flora,6,0.14262043017806744
spreadA,rblora,7,2.121946325130995
spreadA,flora,7,0.14201560559726994
spreadA,rblora,8,2.12585619779014
spreadA,flora,8,0.141552656486799
spreadA,rblora,9,2.124578521612692
spreadA,flora,9,0.1409812840786514
spreadA,rblora,10,2.1257171941370276
spreadA,flora,10,0.14057349682285
spreadA,rblora,11,2.1272359887391574
spreadA,flora,11,0.14031546950452506
spreadA,rblora,12,2.1279862403615373
spreadA,flora,12,0.14000444818940486
spreadA,rblora,13,2.128961982603298
spreadA,flora,13,0.13978489711821232
spreadA,rblora,14,2.1287802235969857
spreadA,flora,14,0.1395547179925528
spreadA,rblora,15,2.1289048016969594
spreadA,flora,15,0.13938975208258556
spreadA,rblora,16,2.1288568448405827
spreadA,flora,16,0.13917284405788152
spreadA,rblora,17,2.1276591728525136
spreadA,flora,17,0.13900328586200025
spreadA,rblora,18,2.1266173279619425
spreadA,flora,18,0.13883140555507487
spreadA,rblora,19,2.12683619697775
spreadA,flora,19,0.1387174521846963
spreadA,rblora,20,2.126486573943272
spreadA,flora,20,0.13860246992418448
spreadA,rblora,21,2.125929304010095
spreadA,flora,21,0.13844867634621483
spreadA,rblora,22,2.12647788755076
spreadA,flora,22,0.13836558841140423
spreadA,rblora,23,2.1266629120712395
spreadA,flora,23,0.1383333026335695
spreadA,rblora,24,2.127011119189438
spreadA,flora,24,0.13826994491169686
spreadA,rblora,25,2.1267254444310395
spreadA,flora,25,0.13816800276258698
spreadA,rblora,26,2.1272727151781123
spreadA,flora,26,0.13811887179531068
spreadA,rblora,27,2.1281212445882307
spreadA,flora,27,0.1380921561556093
spreadA,rblora,28,2.12791141669633
spreadA,flora,28,0.13802558955199773
spreadA,rblora,29,2.1271251148190107
spreadA,flora,29,0.13795375982231944
spreadA,rblora,30,2.1265799806856447
spreadA,flora,30,0.13786008654262738
spreadA,rblora,31,2.1269662397655984
spreadA,flora,31,0.13785460895486737
spreadA,rblora,32,2.1278077377872786
spreadA,flora,32,0.13783388094790908
spreadA,rblora,33,2.127643983373464
spreadA,flora,33,0.13779111580766082
spreadA,rblora,34,2.126552649760956
spreadA,flora,34,0.13770026980461358
spreadA,rblora,35,2.12573398673038
spreadA,flora,35,0.13760360194740753
spreadA,rblora,36,2.125521147709091
spreadA,flora,36,0.13755460868952962
spreadA,rblora,37,2.1246030110939502
spreadA,flora,37,0.1374922910761111
spreadA,rblora,38,2.125030388168438
spreadA,flora,38,0.1374851996255967
spreadA,rblora,39,2.124402164134628
spreadA,flora,39,0.13742445763970546
spreadA,rblora,40,2.1244200810530858
spreadA,flora,40,0.1373709713754281
spreadA,rblora,41,2.1246161254118796
spreadA,flora,41,0.1373535934576005
spreadA,rblora,42,2.1245043145067646
spreadA,flora,42,0.13731839376536045
spreadA,rblora,43,2.124181052269563
spreadA,flora,43,0.1372989679786399
spreadA,rblora,44,2.1236197592557304
spreadA,flora,44,0.13721282351978834
spreadA,rblora,45,2.123761363492368
spreadA,flora,45,0.13718799513080124
spreadA,rblora,46,2.1233234664075584
spreadA,flora,46,0.1371661748043451
spreadA,rblora,47,2.123214824760121
spreadA,flora,47,0.13714444384229796
spreadA,rblora,48,2.12306046407184
spreadA,flora,48,0.1371254440826595
spreadA,rblora,49,2.122639688867895
spreadA,flora,49,0.1370722938707992
spreadA,rblora,50,2.1214110822791867
spreadA,flora,50,0.13700105562433265
spreadA,rblora,51,2.12194962829359
spreadA,flora,51,0.1370010065421239
spreadA,rblora,52,2.121473483932645
spreadA,flora,52,0.13697602562440922
spreadA,rblora,53,2.1201992892475237
spreadA,flora,53,0.13688738739773887
spreadA,rblora,54,2.1201471183519014
spreadA,flora,54,0.13683864545225946
spreadA,rblora,55,2.120029975040025
spreadA,flora,55,0.1368358927131292
spreadA,rblora,56,2.1192586882085656
spreadA,flora,56,0.13677625957393894
spreadA,rblora,57,2.119554222635419
spreadA,flora,57,0.1367769945840233
spreadA,rblora,58,2.1189283407531905
spreadA,flora,58,0.13670500085494877
spreadA,rblora,59,2.1182553213463895
spreadA,flora,59,0.13666681163895195
spreadA,rblora,60,2.1179682713013057
spreadA,flora,60,0.13663711471130793
spreadA,rblora,61,2.1187844306584007
spreadA,flora,61,0.13666469335726297
spreadA,rblora,62,2.1184305485236528
spreadA,flora,62,0.1366318431803637
spreadA,rblora,63,2.1179302541905414
spreadA,flora,63,0.13659825528700567
spreadA,rblora,64,2.117405074564508
spreadA,flora,64,0.1365750073164381
spreadA,rblora,65,2.1171470656705482
spreadA,flora,65,0.13655293902052526
spreadA,rblora,66,2.116847898178092
spreadA,flora,66,0.13652140989550857
spreadA,rblora,67,2.1162873054269267
spreadA,flora,67,0.13649882309338093
spreadA,rblora,68,2.1161870341336892
spreadA,flora,68,0.13647510876560373
spreadA,rblora,69,2.1157731620797198
spreadA,flora,69,0.13646216675641412
spreadA,rblora,70,2.1156669878731686
spreadA,flora,70,0.13647281277477374
spreadA,rblora,71,2.1150626158674393
spreadA,flora,71,0.13640993104308882
spreadA,rblora,72,2.1145348460643976
spreadA,flora,72,0.13638220298574857
spreadA,rblora,73,2.1150164020147444
spreadA,flora,73,0.13636852139143552
spreadA,rblora,74,2.115372628758223
spreadA,flora,74,0.13638879791986186
spreadA,rblora,75,2.1155351360459167
spreadA,flora,75,0.13638380796702423
spreadA,rblora,76,2.1156174276973756
spreadA,flora,76,0.13637585642616526
spreadA,rblora,77,2.116075948473165
spreadA,flora,77,0.1363758285999185
spreadA,rblora,78,2.115692639750438
spreadA,flora,78,0.13634713644377078
spreadA,rblora,79,2.1155087843231724
spreadA,flora,79,0.13631801533494534
spreadA,rblora,80,2.1150684403492135
spreadA,flora,80,0.136281604574806
spreadA,rblora,81,2.1146617523955222
spreadA,flora,81,0.13625109047708792
spreadA,rblora,82,2.1147750919984536
spreadA,flora,82,0.1362350081845932
spreadA,rblora,83,2.114157198207758
spreadA,flora,83,0.1361916672982353
spreadA,rblora,84,2.1147167206612463
spreadA,flora,84,0.13621295523211172
spreadA,rblora,85,2.1147506228363437
spreadA,flora,85,0.13617724380377513
spreadA,rblora,86,2.115010591192784
spreadA,flora,86,0.13619711085645722
spreadA,rblora,87,2.114379020601282
spreadA,flora,87,0.13615838987846995
spreadA,rblora,88,2.1146804105378654
spreadA,flora,88,0.1361623861656519
spreadA,rblora,89,2.1143253814256195
spreadA,flora,89,0.13613337038457599
spreadA,rblora,90,2.113960933496412
spreadA,flora,90,0.13610129073846414
spreadA,rblora,91,2.113284317720743
spreadA,flora,91,0.13605614545735512
spreadA,rblora,92,2.113670977526747
spreadA,flora,92,0.13607845354067652
spreadA,rblora,93,2.113673058806663
spreadA,flora,93,0.13607774705252876
spreadA,rblora,94,2.112867268802761
spreadA,flora,94,0.13603289728430926
spreadA,rblora,95,2.112725093050842
spreadA,flora,95,0.1360214746316707
spreadA,rblora,96,2.1122173463723546
spreadA,flora,96,0.13597973283327833
spreadA,rblora,97,2.112027342785883
spreadA,flora,97,0.13598529600504472
spreadA,rblora,98,2.111920680258028
spreadA,flora,98,0.13596137261103441
spreadA,rblora,99,2.1113980421714174
spreadA,flora,99,0.13591820462027418
spreadA,rblora,100,2.1112832128271406
spreadA,flora,100,0.13592898973763395
